url,title,page_type,score,letter,eeat_score,eeat_letter,words,keyword_count,best_position,ranking_keywords,missing_keywords,failed_checks,pass,warn,fail
/accreditations,Accreditations,page,66,C,40,F,155,0,,,,eeat_experience;eeat_expertise;quotable_answer;people_first;house_voice;choice_support;social_proof,21,7,7
/gallery,Photo Gallery,page,67,C,29,F,18,0,,,,eeat_experience;eeat_expertise;eeat_trustworthiness;people_first;concrete_facts;house_voice;choice_support;social_proof,23,4,8
/accreditations/trustmark,TrustMark,accreditation,68,C,38,F,199,1,3,trustmark solar installer manchester (#3),,eeat_experience;eeat_expertise;concrete_facts;scaled_content;social_proof,16,8,5
/accreditations/green-economy,Green Economy,accreditation,70,C,38,F,355,0,,,,eeat_experience;eeat_expertise;people_first;concrete_facts,18,7,4
/accreditations/octopus-trusted-partner,Octopus Trusted Partner,accreditation,71,C,38,F,156,0,,,,eeat_experience;eeat_expertise;concrete_facts;scaled_content;social_proof,20,4,5
/accreditations/hies-consumer-code,HIES Consumer Code,accreditation,71,C,45,D,267,0,,,,eeat_experience;eeat_expertise;people_first;scaled_content;social_proof,19,5,5
/accreditations/napit,NAPIT,accreditation,71,C,43,F,229,1,25,napit registered electrician manchester (#25),,eeat_experience;eeat_expertise;scaled_content;social_proof,18,7,4
/contact,Contact,page,72,C,32,F,46,0,,,,thin_content;eeat_experience;eeat_expertise;quotable_answer;choice_support;social_proof;meta_accuracy,24,6,7
/rushholme/solar-and-battery-installations,Solar Panel Installer in Rusholme,local,73,C,59,D,512,0,,,,house_voice;cliche_score;scaled_content;service_linking;practical_limits,34,12,5
/hale-barns/electrical-safety-inspections-eicr,EICR in Hale Barns | £150 + VAT Same Day,local,74,C,52,D,687,0,,,,eeat_experience;house_voice;cliche_score;scaled_content;choice_support;social_proof;practical_limits;keyword_stuffing,35,8,8
/crumpsall/electrical-safety-inspections-eicr,EICR in Crumpsall | £150 + VAT Same Day,local,74,C,54,D,307,0,,,,eeat_expertise;house_voice;cliche_score;scaled_content;choice_support;practical_limits,34,10,6
/trafford/solar-and-battery-installations,Solar Panel Installer in Trafford,local,74,C,59,D,261,1,2,solar installer trafford (#2),,eeat_expertise;house_voice;service_linking;social_proof;practical_limits,32,13,5
/accreditations/mcs-certified,MCS Certified,accreditation,74,C,49,D,253,1,5,mcs certified solar installer manchester (#5),mcs certified solar installer near me,eeat_experience;eeat_expertise;scaled_content;social_proof,19,6,4
/shaw/electrical-safety-inspections-eicr,EICR in Shaw | £150 + VAT Same Day,local,75,B,62,C,238,0,,,,thin_content;house_voice;choice_support;social_proof;practical_limits,34,11,5
/failsworth/solar-and-battery-installations,Solar Panel Installer in Failsworth,local,75,B,56,D,469,0,,,,house_voice;cliche_score;scaled_content;service_linking;practical_limits,35,11,5
/cheetham-hill/electrical-safety-inspections-eicr,EICR in Cheetham Hill | £150 + VAT Same Day,local,76,B,54,D,406,0,,,,house_voice;cliche_score;scaled_content;choice_support;practical_limits,36,10,5
/social-value-policy,Social Value Policy,page,77,B,42,F,473,0,,,,eeat_experience;eeat_expertise;choice_support,23,6,3
/royton/electrical-safety-inspections-eicr,EICR in Royton | £150 + VAT Same Day,local,77,B,58,D,249,0,,,,thin_content;house_voice;choice_support;social_proof;practical_limits,36,9,5
/crumpsall/solar-and-battery-installations,Solar Panel Installer in Crumpsall,local,77,B,58,D,330,0,,,,eeat_expertise;house_voice;cliche_score;scaled_content;service_linking,36,9,5
/hyde/solar-and-battery-installations,Solar Panel Installer in Hyde,local,77,B,59,D,617,0,,,,house_voice;cliche_score;scaled_content;service_linking;practical_limits,37,9,5
/stockport/electric-vehicle-charger-installations,EV Charger Installations in Stockport,local,77,B,57,D,503,0,,,,eeat_experience;house_voice;scaled_content;service_linking,36,11,4
/hale-barns/electric-vehicle-charger-installations,EV Charger Installations in Hale Barns,local,77,B,55,D,645,0,,,,house_voice;service_linking;social_proof;practical_limits,35,12,4
/saddleworth/electric-vehicle-charger-installations,EV Charger Installations in Saddleworth,local,77,B,57,D,290,0,,,,eeat_experience;house_voice;service_linking;social_proof;practical_limits,35,10,5
/reviews,Reviews - 9.96/10 from 165 Verified Reviews,page,78,B,50,D,1465,0,,,,subheading_structure;eeat_expertise;choice_support,26,10,3
/complaints,Complaints Procedure,page,78,B,41,F,672,0,,,,eeat_experience;eeat_expertise;quotable_answer;choice_support;social_proof,23,3,5
/middleton/electric-vehicle-charger-installations,EV Charger Installations in Middleton,local,78,B,59,D,317,0,,,,eeat_experience;scaled_content;service_linking,36,11,3
/saddleworth/electrical-safety-inspections-eicr,EICR in Saddleworth | £150 + VAT Same Day,local,79,B,61,C,308,0,,,,house_voice;social_proof,35,13,2
/altrincham/solar-and-battery-installations,Solar Panel Installer in Altrincham,local,79,B,62,C,326,0,,,,meta_description_length;house_voice;scaled_content;service_linking,36,10,4
/prestwich/solar-and-battery-installations,Solar Panel Installer in Prestwich,local,79,B,73,C,773,0,,,,house_voice;service_phrase_opener,35,14,2
/royton/electric-vehicle-charger-installations,EV Charger Installations in Royton,local,79,B,61,C,283,0,,,,service_linking;social_proof;practical_limits;overclaims,36,10,4
/bolton/electric-vehicle-charger-installations,EV Charger Installations in Bolton,local,79,B,64,C,788,0,,,ev charger installation bolton,service_linking,36,14,1
/prestwich/electric-vehicle-charger-installations,EV Charger Installations in Prestwich,local,79,B,64,C,1202,0,,,,house_voice;cliche_score;service_linking,36,12,3
/news,News,page,80,B,56,D,73,0,,,,eeat_expertise;searcher_intent;people_first;choice_support,27,4,4
/documents,Documents & Certifications,page,80,B,49,D,354,0,,,,eeat_experience;eeat_expertise;choice_support,23,5,3
/bolton/electrical-safety-inspections-eicr,EICR in Bolton | £150 + VAT Same Day,local,80,B,67,C,1036,0,,,,meta_description_length;choice_support;service_linking;social_proof;practical_limits,37,9,5
/royton/commercial-solar-installations,Commercial Solar Installations in Royton,local,80,B,59,D,248,0,,,,thin_content;eeat_experience;scaled_content;social_proof;local_differentiation,40,5,5
/accreditations/checkatrade,Checkatrade,accreditation,80,B,40,F,215,0,,,,eeat_experience;eeat_expertise,21,6,2
/news/travelling-power-station-university-of-manchester,University of Manchester Travelling Power Station,news,80,B,59,D,529,0,,,,eeat_expertise;searcher_intent,26,9,2
/services,"Solar, Battery, EV and Electrical Services",page,81,B,54,D,172,0,,,,eeat_experience;house_voice;choice_support;social_proof,27,4,4
/lees/electrical-safety-inspections-eicr,EICR in Lees | £150 + VAT Same Day,local,81,B,62,C,249,0,,,,thin_content;house_voice;social_proof;practical_limits,38,8,4
/trafford/electrical-safety-inspections-eicr,EICR in Trafford | £150 + VAT Same Day,local,81,B,66,C,729,0,,,,meta_description_length;house_voice;social_proof;practical_limits,38,9,4
/middleton/solar-and-battery-installations,Solar Panel Installer in Middleton,local,81,B,65,C,247,1,2,solar installer middleton (#2),,thin_content;service_linking;social_proof;service_phrase_opener,39,7,4
/royton/solar-and-battery-installations,Solar Panel Installer in Royton,local,81,B,73,C,315,0,,,,service_linking;social_proof;service_phrase_opener,37,10,3
/bury/solar-and-battery-installations,Solar Panel Installer in Bury,local,81,B,63,C,436,2,6,solar installer bury (#6); battery storage bury (#12),,eeat_expertise;house_voice;cliche_score;social_proof,40,7,4
/cheetham-hill/electric-vehicle-charger-installations,EV Charger Installations in Cheetham Hill,local,81,B,67,C,352,0,,,,service_linking;social_proof,37,11,2
/services/electrical-safety-inspections-eicr,EICR & Electrical Safety Inspections,service,81,B,66,C,1517,0,,,,cliche_score;practical_limits,37,10,2
/solar-and-eicr-for-landlords-manchester,"Landlord Solar, Battery & EICR in Manchester",page,82,B,71,C,888,0,,,,house_voice,30,9,1
/shaw/solar-and-battery-installations,Solar Panel Installer in Shaw,local,82,B,65,C,296,0,,,,service_linking;social_proof;service_phrase_opener,37,10,3
/services/electrical-testing,Electrical Testing in Manchester,service,82,B,58,D,474,0,,,,eeat_experience;social_proof;service_phrase_opener,36,10,3
/trafford/electric-vehicle-charger-installations,EV Charger Installations in Trafford,local,82,B,56,D,321,0,,,,eeat_experience;service_linking,38,10,2
/crumpsall/electric-vehicle-charger-installations,EV Charger Installations in Crumpsall,local,82,B,65,C,331,0,,,,service_linking;social_proof,38,10,2
/shaw,Solar Installations in Shaw,location,82,B,70,C,532,0,,,,internal_links_resolve;service_linking;social_proof,41,8,3
/givenergy-installer-manchester,GivEnergy Installer in Manchester,page,83,B,65,C,675,0,,,,house_voice,30,9,1
/radcliffe/electrical-safety-inspections-eicr,EICR in Radcliffe | £150 + VAT Same Day,local,83,B,66,C,687,0,,,,meta_description_length;choice_support;social_proof;practical_limits,39,8,4
/hale/electrical-safety-inspections-eicr,EICR in Hale | £150 + VAT Same Day,local,83,B,65,C,692,0,,,,meta_description_length;choice_support;social_proof;practical_limits,39,8,4
/chadderton/electrical-safety-inspections-eicr,EICR in Chadderton | £150 + VAT Same Day,local,83,B,65,C,316,0,,,,house_voice;social_proof;practical_limits,38,9,3
/cheetham-hill/solar-and-battery-installations,Solar Panel Installer in Cheetham Hill,local,83,B,71,C,529,0,,,,house_voice;cliche_score;service_linking,41,7,3
/bolton/solar-and-battery-installations,Solar Panel Installer in Bolton,local,83,B,65,C,554,0,,,,meta_description_length;house_voice,41,8,2
/chadderton/commercial-solar-installations,Commercial Solar Installations in Chadderton,local,83,B,59,D,287,0,,,,eeat_experience;house_voice;social_proof,40,7,3
/bury/electric-vehicle-charger-installations,EV Charger Installations in Bury,local,83,B,70,C,525,0,,,ev charger installation bury,service_linking,39,11,1
/chadderton/electric-vehicle-charger-installations,EV Charger Installations in Chadderton,local,83,B,66,C,270,0,,,,service_linking,38,11,1
/middleton,Solar Installations in Middleton,location,83,B,68,C,512,0,,,,choice_support;service_linking;practical_limits,41,8,3
/hale,Solar Installations in Hale,location,83,B,73,C,575,0,,,,service_linking;social_proof,40,10,2
/octopus-go-battery-installer-manchester,Octopus Go Battery Installer in Manchester,page,84,B,67,C,971,0,,,off peak electricity battery storage,meta_description_length;house_voice;cliche_score,32,5,3
/services/home-battery-installations,Home Battery Installations,service,84,B,73,C,1084,3,2,home battery installation manchester (#2); solax battery installer manchester (#3); battery storage systems greater manchester (#15),battery storage installer near me; home battery storage near me; solar battery installer near me,house_voice;cliche_score;service_linking,39,7,3
/stockport/electrical-safety-inspections-eicr,EICR in Stockport | £150 + VAT Same Day,local,84,B,68,C,764,0,,,,meta_description_length;social_proof;practical_limits,39,9,3
/middleton/electrical-safety-inspections-eicr,EICR in Middleton | £150 + VAT Same Day,local,84,B,66,C,643,0,,,,meta_description_length;social_proof;practical_limits,39,9,3
/blackley/electrical-safety-inspections-eicr,EICR in Blackley | £150 + VAT Same Day,local,84,B,66,C,719,0,,,,meta_description_length;practical_limits,39,10,2
/whitefield/electrical-safety-inspections-eicr,EICR in Whitefield | £150 + VAT Same Day,local,84,B,69,C,732,0,,,,meta_description_length;social_proof;practical_limits,39,9,3
/oldham/solar-and-battery-installations,Solar Panel Installer in Oldham,local,84,B,80,B,901,0,,,,meta_description_length;house_voice;cliche_score;service_linking,41,6,4
/stockport/commercial-solar-installations,Commercial Solar Installations in Stockport,local,84,B,61,C,426,0,,,,eeat_experience;house_voice;service_linking;social_proof,43,4,4
/radcliffe/electric-vehicle-charger-installations,EV Charger Installations in Radcliffe,local,84,B,70,C,462,0,,,,service_linking,40,10,1
/blackley/electric-vehicle-charger-installations,EV Charger Installations in Blackley,local,84,B,71,C,494,0,,,,service_linking,40,10,1
/whitefield/electric-vehicle-charger-installations,EV Charger Installations in Whitefield,local,84,B,66,C,416,0,,,,service_linking,40,10,1
/radcliffe,Electrical Services in Radcliffe,location,84,B,70,C,503,0,,,,service_linking;social_proof;heading_title_match,40,9,3
/hale-barns,Solar Installations in Hale Barns,location,84,B,60,C,545,0,,,,social_proof,40,11,1
/bolton,Solar Panel & Commercial Solar in Bolton,location,84,B,71,C,570,3,8,solar installer bolton (#8); battery storage bolton (#12); solar panel installation bolton (#13),,service_linking;social_proof,39,11,2
/dmegc-solar-panel-installer-manchester,DMEGC Solar Panel Installer in Manchester,page,85,B,67,C,905,1,21,dmegc solar panels uk (#21),,social_proof,31,8,1
/flat-roof-commercial-solar-manchester,Flat Roof Commercial Solar in Manchester,page,85,B,71,C,702,1,1,flat roof solar panels manchester (#1),,meta_description_length;house_voice,32,6,2
/altrincham/electrical-safety-inspections-eicr,EICR in Altrincham | £150 + VAT Same Day,local,85,B,68,C,637,0,,,,meta_description_length;social_proof;practical_limits,40,8,3
/oldham/electrical-safety-inspections-eicr,EICR in Oldham | £150 + VAT Same Day,local,85,B,67,C,422,0,,,,choice_support;service_linking;social_proof;practical_limits,41,6,4
/bury/electrical-safety-inspections-eicr,EICR in Bury | £150 + VAT Same Day,local,85,B,68,C,636,0,,,,social_proof;practical_limits,39,10,2
/prestwich/electrical-safety-inspections-eicr,EICR in Prestwich | £150 + VAT Same Day,local,85,B,68,C,636,8,2,eicr prestwich (#2); domestic eicr manchester (#10); domestic electrical safety inspection manchester (#11); electrical inspection report manchester (#23); electrical safety certificate landlord manchester (#28); eicr certificate manchester (#32); eicr cost manchester (#32); landlord eicr manchester (#35),,meta_description_length;practical_limits,40,9,2
/lees/solar-and-battery-installations,Solar Panel Installer in Lees,local,85,B,69,C,295,0,,,,service_linking;social_proof;service_phrase_opener,40,7,3
/stockport/solar-and-battery-installations,Solar Panel Installer in Stockport,local,85,B,68,C,527,1,2,solar installer stockport (#2),,meta_description_length;house_voice,42,7,2
/bolton/commercial-solar-installations,Commercial Solar Installations in Bolton,local,85,B,68,C,420,0,,,,service_linking,42,8,1
/saddleworth/commercial-solar-installations,Commercial Solar in Saddleworth,local,85,B,65,C,278,0,,,,house_voice;social_proof,41,7,2
/oldham/electric-vehicle-charger-installations,EV Charger Installations in Oldham,local,85,B,67,C,560,0,,,,service_linking;social_proof,40,9,2
/oldham,Solar Panel & EV Charger Installer in Oldham,location,85,B,70,C,485,1,8,solar installer oldham (#8),,internal_links_resolve;service_linking,42,8,2
/bramhall,Solar and Electrical Services in Bramhall,location,85,B,74,C,547,0,,,,internal_links_resolve,42,9,1
/solar-panels-for-factories-manchester,Solar Panels for Factories in Manchester,page,86,B,73,C,625,0,,,,house_voice,32,7,1
/hale-barns/solar-and-battery-installations,Solar Panel Installer in Hale Barns,local,86,B,74,C,657,0,,,,house_voice;social_proof,41,8,2
/hale/solar-and-battery-installations,Solar Panel Installer in Hale,local,86,B,80,B,707,0,,,,meta_description_length;house_voice;social_proof,42,6,3
/blackley/solar-and-battery-installations,Solar Panel Installer in Blackley,local,86,B,69,C,427,1,1,solar installer blackley (#1),,service_linking,43,8,1
/middleton/commercial-solar-installations,Commercial Solar Installations in Middleton,local,86,B,62,C,443,1,14,commercial solar installation manchester (#14),,service_linking,43,7,1
/bury/commercial-solar-installations,Commercial Solar Installations in Bury,local,86,B,63,C,389,0,,,,service_linking,42,7,1
/prestwich/commercial-solar-installations,Commercial Solar Installations in Prestwich,local,86,B,65,C,393,0,,,,service_linking,42,7,1
/altrincham/electric-vehicle-charger-installations,EV Charger Installations in Altrincham,local,86,B,73,C,438,0,,,,service_linking,42,8,1
/shaw/electric-vehicle-charger-installations,EV Charger Installations in Shaw,local,86,B,71,C,404,0,,,,service_linking;social_proof;overclaims,40,8,3
/marple,Solar Installations in Marple,location,86,B,71,C,568,0,,,,service_linking,42,9,1
/royton,Solar Installations in Royton,location,86,B,69,C,520,0,,,,social_proof,42,9,1
/whitefield,Solar Installations in Whitefield,location,86,B,65,C,551,1,1,solar installer whitefield (#1),,,41,11,0
/crumpsall,Solar Installations in Crumpsall,location,86,B,69,C,522,0,,,,,42,10,0
/,Solar & Battery Installers Greater Manchester,page,87,B,67,C,778,18,1,solar installer north manchester (#1); solar and battery storage manchester (#3); battery storage installer manchester (#4); checkatrade solar installer manchester (#4); local solar installer manchester (#5); solar and battery package manchester (#6); free solar survey manchester (#7); best solar installer manchester (#9); renewable energy installer manchester (#12); cheap electricity with solar panels manchester (#13); warehouse solar panels manchester (#13); residential solar panels manchester (#15); solar panels manchester (#15); solar panel installation greater manchester (#19); solar panel installation manchester (#21); solar panels for business manchester (#22); solar pv installation manchester (#31); solar panels north west england (#38),,eeat_experience;house_voice,34,5,2
/solar-panels-conservation-areas-period-properties,Solar Panels in Conservation Areas,page,87,B,79,B,844,0,,,can i get solar panels on a terraced house,house_voice,33,6,1
/commercial-solar-for-warehouses-manchester,Commercial Solar for Manchester Warehouses,page,87,B,71,C,803,0,,,,house_voice,33,6,1
/solar-panels-for-hotels-manchester,Solar Panels for Hotels in Manchester,page,87,B,65,C,656,0,,,,house_voice,33,6,1
/solar-panels-for-bakeries-manchester,Solar Panels for Bakeries in Manchester,page,87,B,73,C,746,0,,,,,32,8,0
/trina-vertex-solar-panel-installer-manchester,Trina Vertex Solar Panel Installer,page,87,B,67,C,755,0,,,trina solar panels uk,house_voice,33,6,1
/solax-battery-installer-manchester,Solax Battery Installer in Manchester,page,87,B,64,C,778,0,,,,house_voice,33,6,1
/eicr-new-build-properties-manchester,EICR for New Builds in Manchester,page,87,B,67,C,731,0,,,,choice_support,33,6,1
/0-vat-solar-panels-batteries-manchester,0% VAT on Solar Panels and Batteries,page,87,B,55,D,580,0,,,,eeat_experience,31,8,1
/whitefield/solar-and-battery-installations,Solar Panel Installer in Whitefield,local,87,B,67,C,430,0,,,,service_linking,42,8,1
/whitefield/commercial-solar-installations,Commercial Solar Installations in Whitefield,local,87,B,66,C,442,0,,,,,43,8,0
/crumpsall/commercial-solar-installations,Commercial Solar Installations in Crumpsall,local,87,B,63,C,439,0,,,,,42,9,0
/hale/electric-vehicle-charger-installations,EV Charger Installations in Hale,local,87,B,69,C,389,0,,,,,40,10,0
/chadderton,Solar Installations in Chadderton,location,87,B,72,C,549,0,,,,social_proof,44,7,1
/news/bowlee-heywood-new-build-electrical-installation,"New-Build Electrical Installation in Bowlee, Heywood",news,87,B,66,C,448,0,,,,house_voice,31,6,1
/alphaess-battery-installer-manchester,AlphaESS Battery Installer in Manchester,page,88,B,74,C,733,0,,,,house_voice,34,5,1
/radcliffe/solar-and-battery-installations,Solar Panel Installer in Radcliffe,local,88,B,75,B,493,1,1,solar installer radcliffe (#1),,meta_description_length,43,7,1
/marple/solar-and-battery-installations,Solar Panel Installer in Marple,local,88,B,74,C,604,0,,,,house_voice,43,7,1
/saddleworth/solar-and-battery-installations,Solar Panel Installer in Saddleworth,local,88,B,79,B,502,0,,,,meta_description_length;service_linking;social_proof;service_phrase_opener,43,4,4
/shaw/commercial-solar-installations,Commercial Solar Installations in Shaw,local,88,B,72,C,371,0,,,,social_proof,42,7,1
/lees,Solar Installations in Lees,location,88,B,69,C,548,0,,,,social_proof,43,8,1
/cheetham-hill,Solar Installations in Cheetham Hill,location,88,B,73,C,523,0,,,,service_linking,44,7,1
/trafford,Solar Installations in Trafford,location,88,B,72,C,532,0,,,,social_proof,43,8,1
/bury,Solar Installations in Bury,location,88,B,69,C,532,0,,,,,43,9,0
/saddleworth,Solar Installations in Saddleworth,location,88,B,75,B,554,0,,,,,43,9,0
/ev-charger-relocation-manchester,EV Charger Relocation in Manchester,page,89,B,71,C,1061,0,,,,house_voice,34,5,1
/services/commercial-solar-installations,Commercial Solar Installations,service,89,B,76,B,1347,1,12,commercial solar panels greater manchester (#12),commercial solar panels north west,house_voice,42,6,1
/bramhall/solar-and-battery-installations,Solar Panel Installer in Bramhall,local,89,B,79,B,742,0,,,,meta_description_length,44,6,1
/chadderton/solar-and-battery-installations,Solar Panel Installer in Chadderton,local,89,B,71,C,349,0,,,,service_linking,43,6,1
/lees/commercial-solar-installations,Commercial Solar Installations in Lees,local,89,B,71,C,417,0,,,,,43,8,0
/oldham/commercial-solar-installations,Commercial Solar Installations in Oldham,local,89,B,64,C,429,0,,,,service_linking;social_proof,44,5,2
/lees/electric-vehicle-charger-installations,EV Charger Installations in Lees,local,89,B,74,C,423,0,,,,social_proof,42,8,1
/stockport,Solar Installations in Stockport,location,89,B,72,C,529,0,,,,,43,9,0
/blackley,Solar Installations in Blackley,location,89,B,76,B,552,0,,,,service_linking,44,7,1
/prestwich,Electrician & Solar Panels in Prestwich,location,89,B,83,B,539,3,1,solar installer prestwich (#1); solar panel installation prestwich (#1); solar panels prestwich (#1),,,44,8,0
/are-solar-panels-worth-it-manchester,Are Solar Panels Worth It in Manchester?,page,90,A,81,B,675,0,,,how long do solar panels last uk; how much do solar panels save uk; solar panel payback period uk; solar panels worth it uk,,33,7,0
/solar-and-battery-extensions-renovations-manchester,Solar & Battery for Extensions & Renovations,page,90,A,79,B,904,0,,,,meta_description_length,34,5,1
/services/electric-vehicle-charger-installations,"EV Charger Installation, Repair, Relocation",service,90,A,76,B,1138,2,8,22kw ev charger installation manchester (#8); 7kw ev charger installation manchester (#10),ev charger installer near me; ev charger installation manchester; home ev charger manchester; smart ev charger installation manchester,house_voice,43,5,1
/rochdale,Solar Panels in Rochdale & Heywood,location,90,A,81,B,895,0,,,,service_linking,45,6,1
/properties/flat-roofs,Solar Panels on Flat Roofs in Manchester,property,90,A,81,B,1027,0,,,,meta_description_length,32,5,1
/g98-g99-dno-applications-solar-manchester,G98 and G99 DNO Applications Explained,page,91,A,66,C,563,0,,,,meta_description_length;eeat_experience,35,3,2
/off-grid-solar-installations-manchester,Off-Grid Solar for Farms & Rural Sites,page,91,A,74,C,618,0,,,off grid solar system uk,,35,5,0
/services/solar-and-battery-installations,Solar Panel Installation Manchester,service,91,A,87,B,1720,0,,,best solar panel installer near me; how much do solar panels cost manchester; solar panel cost uk; solar panel installation near me; solar panel installer near me; solar pv installer near me,service_linking,44,5,1
/altrincham,Solar Installations in Altrincham,location,91,A,76,B,571,1,2,solar installer altrincham (#2),,,45,7,0
/about,"Ashley Merritt, MCS Certified Solar Installer",page,92,A,78,B,511,0,,,,,35,5,0
/solar-carports-workplace-ev-charging-manchester,Workplace EV Charger Installation Manchester,page,92,A,81,B,1354,0,,,,social_proof,35,4,1
/ground-mounted-solar-installations-manchester,Ground-Mounted Solar in Manchester,page,93,A,81,B,897,1,1,ground mounted solar panels manchester (#1),,,35,5,0
