score,letter,eeat_score,eeat_letter,page_type,url,title,words,place,pass,warn,fail,failed_checks,eeat_experience,eeat_expertise,eeat_authoritativeness,eeat_trustworthiness,quotable_answer,searcher_intent,people_first,concrete_facts,house_voice,cliche_score,scaled_content,choice_support,service_linking,social_proof,practical_limits,service_phrase_opener,meta_accuracy,heading_title_match,overclaims,local_differentiation,keyword_stuffing,jev_error,error
66,C,40,F,page,/accreditations/,Accreditations,155,,21,7,7,eeat_experience;eeat_expertise;quotable_answer;people_first;house_voice;choice_support;social_proof,0.29,0.79,2.49,1.24,0.58,1.37,0.95,1.08,0.01,2.4,0.92,0,,0.24,,,1.89,,1.59,,1.38,,
67,C,29,F,page,/gallery/,Photo Gallery,18,,23,4,8,eeat_experience;eeat_expertise;eeat_trustworthiness;people_first;concrete_facts;house_voice;choice_support;social_proof,0.07,0.04,2.58,0.74,1.28,1.12,0.25,0.09,0.28,2.86,0.86,0,,0.09,,,2.46,,2.94,,2.88,,
68,C,38,F,accreditation,/accreditations/trustmark/,TrustMark,199,,16,8,5,eeat_experience;eeat_expertise;concrete_facts;scaled_content;social_proof,0.27,0.65,2.57,1.08,1.46,1.85,1.14,0.88,,,0.18,,,0.15,,,2.76,,1.2,,1.35,,
70,C,38,F,accreditation,/accreditations/green-economy/,Green Economy,355,,18,7,4,eeat_experience;eeat_expertise;people_first;concrete_facts,0.32,0.57,2.61,1.09,1.52,1.3,0.98,0.78,,,0.73,,,0.78,,,2.7,,2.58,,1.8,,
71,C,38,F,accreditation,/accreditations/octopus-trusted-partner/,Octopus Trusted Partner,156,,20,4,5,eeat_experience;eeat_expertise;concrete_facts;scaled_content;social_proof,0.4,0.45,2.57,1.09,2.95,1.67,1,0.98,,,0.32,,,0.15,,,2.58,,2.28,,2.04,,
71,C,45,D,accreditation,/accreditations/hies-consumer-code/,HIES Consumer Code,267,,19,5,5,eeat_experience;eeat_expertise;people_first;scaled_content;social_proof,0.98,0.81,2.48,1.18,1.59,1.51,0.98,1.55,,,0.78,,,0.15,,,1.14,,2.58,,1.83,,
71,C,43,F,accreditation,/accreditations/napit/,NAPIT,229,,18,7,4,eeat_experience;eeat_expertise;scaled_content;social_proof,0.4,0.83,2.62,1.25,1.38,1.9,1.56,1.63,,,0.46,,,0.15,,,2.55,,1.11,,2.31,,
72,C,32,F,page,/contact/,Contact,46,,24,6,7,thin_content;eeat_experience;eeat_expertise;quotable_answer;choice_support;social_proof;meta_accuracy,0.09,0.03,2.57,1.18,0.58,1.94,2,2.3,2.04,2.88,1.73,0.01,,0.18,,,0.57,,2.88,,2.85,,
73,C,59,D,local,/rushholme/solar-and-battery-installations/,Solar Panel Installer in Rusholme,512,Rushholme,34,12,5,house_voice;cliche_score;scaled_content;service_linking;practical_limits,1.57,1.07,2.47,1.92,2.88,2.16,1.74,2.61,0.66,0.77,0.95,1.99,0.03,1.2,0.42,2.7,2.61,2.94,2.31,1.5,2.13,,
74,C,52,D,local,/hale-barns/electrical-safety-inspections-eicr/,EICR in Hale Barns | £150 + VAT Same Day,687,Hale Barns,35,8,8,eeat_experience;house_voice;cliche_score;scaled_content;choice_support;social_proof;practical_limits;keyword_stuffing,0.72,1.51,2.45,1.57,2.99,2.97,2.07,2.72,0.21,0.64,0.8,0.4,1.22,0.3,0.21,2.37,2.76,2.91,2.07,2.22,0.54,,
74,C,54,D,local,/crumpsall/electrical-safety-inspections-eicr/,EICR in Crumpsall | £150 + VAT Same Day,307,Crumpsall,34,10,6,eeat_expertise;house_voice;cliche_score;scaled_content;choice_support;practical_limits,1.56,0.99,2.46,1.48,2.95,2.96,1.84,2.77,0.22,0.28,0.97,0.23,1.52,2.88,0.15,2.61,2.64,2.91,1.47,2.52,0.81,,
74,C,59,D,local,/trafford/solar-and-battery-installations/,Solar Panel Installer in Trafford,261,Trafford,32,13,5,eeat_expertise;house_voice;service_linking;social_proof;practical_limits,1.56,0.99,2.53,1.99,2.98,2.08,1.55,2.56,0.21,1.6,1.13,1.09,0.33,0.24,0.42,1.92,2.79,2.97,2.16,2.52,1.38,,
74,C,49,D,accreditation,/accreditations/mcs-certified/,MCS Certified,253,,19,6,4,eeat_experience;eeat_expertise;scaled_content;social_proof,0.65,0.94,2.77,1.51,1.32,2.06,1.73,1.71,,,0.73,,,0.15,,,2.76,,1.98,,2.4,,
75,B,62,C,local,/shaw/electrical-safety-inspections-eicr/,EICR in Shaw | £150 + VAT Same Day,238,Shaw,34,11,5,thin_content;house_voice;choice_support;social_proof;practical_limits,1.49,1.61,2.48,1.8,2.99,2.87,2.05,2.84,0.69,1.85,1.78,0.58,0.75,0.33,0.51,2.43,2.58,2.91,2.64,2.76,2.22,,
75,B,56,D,local,/failsworth/solar-and-battery-installations/,Solar Panel Installer in Failsworth,469,Failsworth,35,11,5,house_voice;cliche_score;scaled_content;service_linking;practical_limits,1.24,1.06,2.51,1.9,2.89,2.04,1.54,2.59,0.68,0.76,0.62,1.77,0.21,0.99,0.3,2.73,2.64,2.94,2.31,1.17,1.86,,
76,B,54,D,local,/cheetham-hill/electrical-safety-inspections-eicr/,EICR in Cheetham Hill | £150 + VAT Same Day,406,Cheetham Hill,36,10,5,house_voice;cliche_score;scaled_content;choice_support;practical_limits,1.37,1.06,2.43,1.67,2.95,2.97,2,2.82,0.47,0.53,0.66,0.33,1.4,2.88,0.27,2.67,2.79,2.94,1.74,1.98,1.26,,
77,B,42,F,page,/social-value-policy/,Social Value Policy,473,,23,6,3,eeat_experience;eeat_expertise;choice_support,0.88,0.29,2.65,1.27,1.4,1.13,1.99,2.44,,,2.14,0.01,,2.43,,,2.64,,2.76,,2.46,,
77,B,58,D,local,/royton/electrical-safety-inspections-eicr/,EICR in Royton | £150 + VAT Same Day,249,Royton,36,9,5,thin_content;house_voice;choice_support;social_proof;practical_limits,1.18,1.59,2.48,1.76,2.99,2.76,1.95,2.84,0.39,1.74,1.11,0.54,0.86,0.3,0.57,2.58,2.58,2.94,1.98,1.83,2.1,,
77,B,58,D,local,/crumpsall/solar-and-battery-installations/,Solar Panel Installer in Crumpsall,330,Crumpsall,36,9,5,eeat_expertise;house_voice;cliche_score;scaled_content;service_linking,1.47,0.99,2.46,2,2.82,2.17,1.42,2.48,0.5,0.62,0.72,1.07,0.04,2.85,1.02,2.4,2.67,2.94,2.31,2.22,1.38,,
77,B,59,D,local,/hyde/solar-and-battery-installations/,Solar Panel Installer in Hyde,617,Hyde,37,9,5,house_voice;cliche_score;scaled_content;service_linking;practical_limits,1.59,1.05,2.43,1.96,2.86,2.05,1.55,2.61,0.43,0.66,0.71,1.72,0.06,2.73,0.51,2.73,2.58,2.94,2.25,2.58,1.59,,
77,B,57,D,local,/stockport/electric-vehicle-charger-installations/,EV Charger Installations in Stockport,503,Stockport,36,11,4,eeat_experience;house_voice;scaled_content;service_linking,0.96,1.25,2.63,2.02,3,2.32,1.99,2.7,0.92,1.29,0.88,1.89,0.4,2.88,1.23,2.61,2.82,2.97,2.1,2.31,1.44,,
77,B,55,D,local,/hale-barns/electric-vehicle-charger-installations/,EV Charger Installations in Hale Barns,645,Hale Barns,35,12,4,house_voice;service_linking;social_proof;practical_limits,1.03,1.15,2.54,1.88,2.99,2.08,2.03,2.83,0.82,1.51,1.06,1.95,0.28,0.45,0.3,2.58,2.79,2.97,1.68,2.22,1.92,,
77,B,57,D,local,/saddleworth/electric-vehicle-charger-installations/,EV Charger Installations in Saddleworth,290,Saddleworth,35,10,5,eeat_experience;house_voice;service_linking;social_proof;practical_limits,0.98,1.23,2.87,1.7,2.98,2.45,1.93,2.35,0.92,1.59,1.12,1.96,0.58,0.27,0.45,2.55,2.49,2.97,1.02,2.07,1.77,,
78,B,50,D,page,/reviews/,Reviews - 9.96/10 from 165 Verified Reviews,1465,,26,10,3,subheading_structure;eeat_expertise;choice_support,1.09,0.99,2.78,1.18,2.06,1.09,1.16,2.55,0.77,2.66,1.89,0.75,,2.91,,,1.29,,2.55,,2.64,,
78,B,41,F,page,/complaints/,Complaints Procedure,672,,23,3,5,eeat_experience;eeat_expertise;quotable_answer;choice_support;social_proof,0.16,0.45,2.59,1.74,0.31,2.41,2.31,2.04,,,1.61,0.03,,0.21,,,2.55,,2.91,,2.88,,
78,B,59,D,local,/middleton/electric-vehicle-charger-installations/,EV Charger Installations in Middleton,317,Middleton,36,11,3,eeat_experience;scaled_content;service_linking,0.85,1.55,2.5,2.16,2.98,2.36,1.86,2.86,1.9,2.71,0.92,1.78,0.24,2.94,1.17,2.7,2.28,2.97,2.64,1.74,2.55,,
79,B,61,C,local,/saddleworth/electrical-safety-inspections-eicr/,EICR in Saddleworth | £150 + VAT Same Day,308,Saddleworth,35,13,2,house_voice;social_proof,1.38,1.55,2.5,1.92,2.99,2.89,2.08,2.88,0.6,1.76,1.77,0.82,0.91,0.36,0.81,2.46,2.37,2.94,2.46,2.52,1.59,,
79,B,62,C,local,/altrincham/solar-and-battery-installations/,Solar Panel Installer in Altrincham,326,Altrincham,36,10,4,meta_description_length;house_voice;scaled_content;service_linking,1.51,1.03,2.6,2.25,2.99,2.2,1.73,2.36,0.45,1.72,0.74,2.07,0.08,1.92,2.25,2.19,2.7,2.94,2.25,2.61,1.41,,
79,B,73,C,local,/prestwich/solar-and-battery-installations/,Solar Panel Installer in Prestwich,773,Prestwich,35,14,2,house_voice;service_phrase_opener,2.6,1.62,2.53,1.98,1.7,1.97,1.97,2.92,0.64,1.33,1.69,1.72,1.49,2.94,1.41,0.51,2.43,2.94,2.4,2.91,1.53,,
79,B,61,C,local,/royton/electric-vehicle-charger-installations/,EV Charger Installations in Royton,283,Royton,36,10,4,service_linking;social_proof;practical_limits;overclaims,1.27,1.36,2.88,1.82,2.99,2.37,1.91,2.76,1.06,1.19,1.01,2.26,0.57,0.24,0.45,2.73,2.79,2.97,0.57,1.92,2.25,,
79,B,64,C,local,/bolton/electric-vehicle-charger-installations/,EV Charger Installations in Bolton,788,Bolton,36,14,1,service_linking,1.68,1.21,2.61,2.16,3,2.25,1.96,2.85,1.13,1.49,1.47,1.99,0.44,2.85,1.23,2.61,2.82,2.97,1.65,2.82,1.68,,
79,B,64,C,local,/prestwich/electric-vehicle-charger-installations/,EV Charger Installations in Prestwich,1202,Prestwich,36,12,3,house_voice;cliche_score;service_linking,1.99,1.26,2.49,1.89,2.99,2.42,2.07,2.97,0.94,0.87,1.61,2.33,0.11,2.7,0.96,2.43,2.82,2.97,1.35,2.91,1.32,,
80,B,56,D,page,/news/,News,73,,27,4,4,eeat_expertise;searcher_intent;people_first;choice_support,2,0.71,2.67,1.37,1.04,0.88,0.91,2.9,1.37,2.89,2.55,0,,2.76,,,2.37,,2.91,,2.85,,
80,B,49,D,page,/documents/,Documents & Certifications,354,,23,5,3,eeat_experience;eeat_expertise;choice_support,0.36,0.83,2.98,1.72,0.89,2.73,2.28,2.83,,,1.58,0.01,,0.9,,,2.4,,1.86,,2.58,,
80,B,67,C,local,/bolton/electrical-safety-inspections-eicr/,EICR in Bolton | £150 + VAT Same Day,1036,Bolton,37,9,5,meta_description_length;choice_support;service_linking;social_proof;practical_limits,1.87,1.56,2.57,2.01,2.99,2.78,2.3,2.97,1.26,1.9,1.71,0.37,0.42,0.33,0.33,2.64,0.81,2.94,2.49,2.88,1.68,,
80,B,59,D,local,/royton/commercial-solar-installations/,Commercial Solar Installations in Royton,248,Royton,40,5,5,thin_content;eeat_experience;scaled_content;social_proof;local_differentiation,0.87,1.02,2.85,2.38,2.51,2.53,1.84,2.18,1.09,2.24,0.43,2.77,1.81,0.21,2.34,1.68,2.82,2.97,2.55,0.21,2.58,,
80,B,40,F,accreditation,/accreditations/checkatrade/,Checkatrade,215,,21,6,2,eeat_experience;eeat_expertise,0.38,0.37,2.78,1.27,1.14,2.32,1.36,2.34,,,0.76,,,2.94,,,2.46,,1.38,,2.4,,
80,B,59,D,news,/news/travelling-power-station-university-of-manchester/,University of Manchester Travelling Power Station,529,,26,9,2,eeat_expertise;searcher_intent,2.03,0.9,2.38,1.79,1.61,0.39,1.96,2.88,2.04,1.96,2.83,,,2.91,,,2.79,,2.88,,2.79,,
81,B,54,D,page,/services/,"Solar, Battery, EV and Electrical Services",172,,27,4,4,eeat_experience;house_voice;choice_support;social_proof,0.91,1,2.74,1.83,2.05,2.29,1.57,2.36,0.52,2.56,1.35,0.83,,0.27,,,2.7,,2.73,,1.74,,
81,B,62,C,local,/lees/electrical-safety-inspections-eicr/,EICR in Lees | £150 + VAT Same Day,249,Lees,38,8,4,thin_content;house_voice;social_proof;practical_limits,1.6,1.52,2.52,1.78,2.99,2.9,2.06,2.93,0.81,2.4,1.82,0.74,0.74,0.39,0.45,2.4,2.55,2.94,2.61,2.85,2.31,,
81,B,66,C,local,/trafford/electrical-safety-inspections-eicr/,EICR in Trafford | £150 + VAT Same Day,729,Trafford,38,9,4,meta_description_length;house_voice;social_proof;practical_limits,1.6,1.82,2.44,2.02,2.99,2.85,2.2,2.94,0.84,1.94,1.71,0.77,1.69,0.27,0.3,2.46,2.25,2.91,2.55,2.82,1.71,,
81,B,65,C,local,/middleton/solar-and-battery-installations/,Solar Panel Installer in Middleton,247,Middleton,39,7,4,thin_content;service_linking;social_proof;service_phrase_opener,1.69,1.18,2.61,2.33,1.34,2.47,2.01,2.96,1.33,2.27,1.16,2.53,0.84,0.27,2.1,0.48,2.55,2.97,1.68,2.67,2.01,,
81,B,73,C,local,/royton/solar-and-battery-installations/,Solar Panel Installer in Royton,315,Royton,37,10,3,service_linking;social_proof;service_phrase_opener,1.81,1.46,2.84,2.63,2.52,2.26,1.97,2.89,1.33,1.65,1.98,2.86,0.17,0.33,2.49,0.36,2.61,2.94,0.63,2.82,2.22,,
81,B,63,C,local,/bury/solar-and-battery-installations/,Solar Panel Installer in Bury,436,Bury,40,7,4,eeat_expertise;house_voice;cliche_score;social_proof,1.77,0.99,2.54,2.23,2.96,2.32,1.74,2.63,0.66,0.93,1.56,1.95,1.36,0.48,1.92,1.62,2.85,2.94,2.01,2.82,2.07,,
81,B,67,C,local,/cheetham-hill/electric-vehicle-charger-installations/,EV Charger Installations in Cheetham Hill,352,Cheetham Hill,37,11,2,service_linking;social_proof,1.67,1.61,2.47,2.24,2.98,2.61,1.97,2.89,1.97,2.63,1.13,2.23,0.15,0.24,1.41,2.7,2.55,2.97,2.61,2.07,2.34,,
81,B,66,C,service,/services/electrical-safety-inspections-eicr/,EICR & Electrical Safety Inspections,1517,,37,10,2,cliche_score;practical_limits,1.46,1.81,2.62,2,2.98,2.94,2.34,2.96,1.1,0.8,1.59,0.87,1.07,2.64,0.36,1.62,2.64,2.91,2.01,,1.68,,
82,B,71,C,page,/solar-and-eicr-for-landlords-manchester/,"Landlord Solar, Battery & EICR in Manchester",888,,30,9,1,house_voice,1.54,1.52,2.98,2.5,1.98,2.81,2.34,2.99,0.91,1.7,1.81,1.5,,2.25,,,2.73,,2.31,,1.56,,
82,B,65,C,local,/shaw/solar-and-battery-installations/,Solar Panel Installer in Shaw,296,Shaw,37,10,3,service_linking;social_proof;service_phrase_opener,1.74,1.2,2.51,2.38,2.29,1.9,1.63,2.89,1.25,1.83,2.09,2.67,0.52,0.42,1.98,0.36,2.55,2.97,2.25,2.79,2.49,,
82,B,58,D,service,/services/electrical-testing/,Electrical Testing in Manchester,474,,36,10,3,eeat_experience;social_proof;service_phrase_opener,0.85,1.37,2.64,2.13,2.39,2.74,2.22,2.16,1.58,1.84,1.79,1.33,1.4,0.42,0.78,0.33,2.55,2.88,2.64,,2.67,,
82,B,56,D,local,/trafford/electric-vehicle-charger-installations/,EV Charger Installations in Trafford,321,Trafford,38,10,2,eeat_experience;service_linking,0.82,1.33,2.55,2.05,2.99,2.44,1.9,2.8,1.78,2.64,1.03,1.8,0.23,2.91,0.84,2.58,2.76,2.97,2.58,2.4,2.22,,
82,B,65,C,local,/crumpsall/electric-vehicle-charger-installations/,EV Charger Installations in Crumpsall,331,Crumpsall,38,10,2,service_linking;social_proof,1.79,1.41,2.49,2.12,2.97,2.57,1.85,2.92,1.98,2.7,1.35,2.25,0.16,0.24,0.9,2.61,2.55,2.97,2.64,2.61,2.43,,
82,B,70,C,location,/shaw/,Solar Installations in Shaw,532,Shaw,41,8,3,internal_links_resolve;service_linking;social_proof,1.92,1.46,2.64,2.32,2.97,2.52,2.13,2.85,1.89,2.6,1.77,2.22,0.7,0.39,1.65,1.17,1.89,2.94,2.79,2.67,2.01,,
83,B,65,C,page,/givenergy-installer-manchester/,GivEnergy Installer in Manchester,675,,30,9,1,house_voice,1.03,1.38,2.96,2.48,1.29,1.8,2.12,2.84,0.54,1.15,1.42,1.47,,2.91,,,2.61,,1.89,,2.37,,
83,B,66,C,local,/radcliffe/electrical-safety-inspections-eicr/,EICR in Radcliffe | £150 + VAT Same Day,687,Radcliffe,39,8,4,meta_description_length;choice_support;social_proof;practical_limits,1.61,1.86,2.39,2.09,2.99,2.88,2.21,2.9,1.4,2.12,1.5,0.65,1.47,0.24,0.24,2.43,2.73,2.94,2.52,2.49,2.01,,
83,B,65,C,local,/hale/electrical-safety-inspections-eicr/,EICR in Hale | £150 + VAT Same Day,692,Hale,39,8,4,meta_description_length;choice_support;social_proof;practical_limits,1.33,1.77,2.52,2.14,2.99,2.9,2.29,2.87,1.17,1.93,1.36,0.68,1.67,0.33,0.3,2.31,2.76,2.94,2.46,2.7,1.71,,
83,B,65,C,local,/chadderton/electrical-safety-inspections-eicr/,EICR in Chadderton | £150 + VAT Same Day,316,Chadderton,38,9,3,house_voice;social_proof;practical_limits,1.9,1.52,2.54,1.78,2.99,2.92,2.15,2.91,0.99,2.34,1.72,0.72,0.93,0.45,0.57,2.52,2.43,2.94,2.58,2.85,2.16,,
83,B,71,C,local,/cheetham-hill/solar-and-battery-installations/,Solar Panel Installer in Cheetham Hill,529,Cheetham Hill,41,7,3,house_voice;cliche_score;service_linking,1.93,1.48,2.55,2.52,2.92,2.23,1.81,2.54,0.74,0.74,1.67,2.56,0.38,2.55,2.79,2.64,2.61,2.94,2.16,2.61,1.77,,
83,B,65,C,local,/bolton/solar-and-battery-installations/,Solar Panel Installer in Bolton,554,Bolton,41,8,2,meta_description_length;house_voice,1.65,1.01,2.93,2.26,3,2.16,1.83,2.8,0.15,1.31,1.68,2.08,1.35,2.85,2.7,2.25,2.61,2.94,1.65,2.85,1.92,,
83,B,59,D,local,/chadderton/commercial-solar-installations/,Commercial Solar Installations in Chadderton,287,Chadderton,40,7,3,eeat_experience;house_voice;social_proof,0.93,1.02,2.89,2.19,2.91,2.6,1.88,2.11,0.62,1.91,1.18,2.55,1.4,0.51,2.22,1.77,2.85,2.97,1.5,2.16,2.52,,
83,B,70,C,local,/bury/electric-vehicle-charger-installations/,EV Charger Installations in Bury,525,Bury,39,11,1,service_linking,1.84,1.74,2.5,2.32,2.94,2.25,1.93,2.78,1.84,2.77,1.49,2.31,0.24,2.91,1.02,2.67,2.49,2.97,2.49,2.07,2.4,,
83,B,66,C,local,/chadderton/electric-vehicle-charger-installations/,EV Charger Installations in Chadderton,270,Chadderton,38,11,1,service_linking,1.78,1.28,2.88,1.94,2.98,2.47,2.03,2.86,1.36,1.39,1.76,2.17,0.6,1.62,0.9,2.76,2.79,2.97,0.87,2.85,2.49,,
83,B,68,C,location,/middleton/,Solar Installations in Middleton,512,Middleton,41,8,3,choice_support;service_linking;practical_limits,2.36,1.01,2.76,2.08,2.91,1.62,1.87,2.97,1.71,2.34,2.02,0.98,0.02,2.94,0.39,1.5,2.31,2.94,2.64,2.76,2.13,,
83,B,73,C,location,/hale/,Solar Installations in Hale,575,Hale,40,10,2,service_linking;social_proof,1.79,1.45,2.66,2.9,2.95,2.46,1.91,1.84,1.76,1.88,1.01,2.62,0.69,0.3,2.67,2.01,2.7,2.94,2.64,1.17,1.8,,
84,B,67,C,page,/octopus-go-battery-installer-manchester/,Octopus Go Battery Installer in Manchester,971,,32,5,3,meta_description_length;house_voice;cliche_score,1.12,1.62,2.98,2.35,2.37,2.39,2.13,2.74,0.77,0.96,1.73,2.03,,2.91,,,2.7,,1.62,,2.28,,
84,B,73,C,service,/services/home-battery-installations/,Home Battery Installations,1084,,39,7,3,house_voice;cliche_score;service_linking,1.98,1.61,2.85,2.3,2.85,2.61,2.37,2.85,0.76,0.81,1.74,2.16,0.58,2.94,2.28,2.52,2.31,2.91,1.41,,2.4,,
84,B,68,C,local,/stockport/electrical-safety-inspections-eicr/,EICR in Stockport | £150 + VAT Same Day,764,Stockport,39,9,3,meta_description_length;social_proof;practical_limits,1.76,1.82,2.43,2.1,2.99,2.86,2.26,2.98,1.14,2.05,1.7,0.81,1.62,0.27,0.33,2.43,2.76,2.94,2.52,2.85,1.86,,
84,B,66,C,local,/middleton/electrical-safety-inspections-eicr/,EICR in Middleton | £150 + VAT Same Day,643,Middleton,39,9,3,meta_description_length;social_proof;practical_limits,1.45,1.83,2.43,2.15,3,2.9,2.26,2.91,1.55,2.05,1.25,0.74,1.21,0.21,0.33,2.46,2.79,2.91,2.55,2.25,2.07,,
84,B,66,C,local,/blackley/electrical-safety-inspections-eicr/,EICR in Blackley | £150 + VAT Same Day,719,Blackley,39,10,2,meta_description_length;practical_limits,1.68,1.75,2.41,2.05,2.99,2.88,2.21,2.95,1.4,2.07,1.34,0.73,1.48,0.63,0.21,2.4,2.76,2.94,2.37,2.82,1.98,,
84,B,69,C,local,/whitefield/electrical-safety-inspections-eicr/,EICR in Whitefield | £150 + VAT Same Day,732,Whitefield,39,9,3,meta_description_length;social_proof;practical_limits,1.84,1.89,2.43,2.16,2.99,2.86,2.22,2.97,1.54,2.14,1.76,0.88,1.28,0.24,0.3,2.43,2.7,2.94,2.49,2.88,2.01,,
84,B,80,B,local,/oldham/solar-and-battery-installations/,Solar Panel Installer in Oldham,901,Oldham,41,6,4,meta_description_length;house_voice;cliche_score;service_linking,1.93,1.91,2.97,2.82,2.81,2.57,2.45,2.99,0.91,0.88,2.15,2.98,0.43,2.34,2.88,2.73,2.67,2.94,1.14,2.85,1.5,,
84,B,61,C,local,/stockport/commercial-solar-installations/,Commercial Solar Installations in Stockport,426,Stockport,43,4,4,eeat_experience;house_voice;service_linking;social_proof,0.92,1.03,2.93,2.39,2.57,2.4,1.91,2.65,0.92,2.46,1.48,2.62,0.79,0.42,2.49,1.65,2.79,2.97,1.92,2.79,2.37,,
84,B,70,C,local,/radcliffe/electric-vehicle-charger-installations/,EV Charger Installations in Radcliffe,462,Radcliffe,40,10,1,service_linking,1.88,1.68,2.53,2.25,2.88,2.55,2.13,2.95,1.76,2.67,1.58,2.29,0.13,2.88,0.93,2.64,2.67,2.97,2.37,2.4,2.34,,
84,B,71,C,local,/blackley/electric-vehicle-charger-installations/,EV Charger Installations in Blackley,494,Blackley,40,10,1,service_linking,1.93,1.76,2.49,2.33,2.93,2.51,2.07,2.95,1.91,2.78,1.72,2.32,0.22,2.91,0.84,2.61,2.73,2.97,2.58,2.85,2.22,,
84,B,66,C,local,/whitefield/electric-vehicle-charger-installations/,EV Charger Installations in Whitefield,416,Whitefield,40,10,1,service_linking,1.87,1.51,2.53,2.05,2.97,2.17,1.81,2.94,1.75,2.61,1.65,2.31,0.22,2.91,0.81,2.64,2.7,2.97,2.67,2.79,2.25,,
84,B,70,C,location,/radcliffe/,Electrical Services in Radcliffe,503,Radcliffe,40,9,3,service_linking;social_proof;heading_title_match,1.95,1.24,2.65,2.52,2.97,2.75,1.91,2.86,1.74,2.05,1.62,2.65,0.81,0.39,2.49,1.56,2.22,0.57,2.7,2.73,2.28,,
84,B,60,C,location,/hale-barns/,Solar Installations in Hale Barns,545,Hale Barns,40,11,1,social_proof,1.35,1.18,2.57,2.09,2.96,2.53,1.82,2.23,1.09,1.74,1.12,2.26,0.93,0.33,1.02,2.01,2.55,2.94,2.55,1.74,1.5,,
84,B,71,C,location,/bolton/,Solar Panel & Commercial Solar in Bolton,570,Bolton,39,11,2,service_linking;social_proof,2.08,1.54,2.67,2.2,2.98,2.52,1.91,2.79,1.85,1.95,1.3,2.06,0.76,0.39,1.17,1.8,2.67,2.28,2.58,2.79,0.99,,
85,B,67,C,page,/dmegc-solar-panel-installer-manchester/,DMEGC Solar Panel Installer in Manchester,905,,31,8,1,social_proof,1.76,1.55,2.63,2.08,1.61,2.12,2.16,2.92,1.46,1.5,1.86,1.81,,0.45,,,2.73,,1.62,,1.89,,
85,B,71,C,page,/flat-roof-commercial-solar-manchester/,Flat Roof Commercial Solar in Manchester,702,,32,6,2,meta_description_length;house_voice,1.96,1.11,2.95,2.52,1.37,2.16,2.13,2.94,0.91,1.83,1.4,2.62,,2.37,,,2.76,,1.74,,2.43,,
85,B,68,C,local,/altrincham/electrical-safety-inspections-eicr/,EICR in Altrincham | £150 + VAT Same Day,637,Altrincham,40,8,3,meta_description_length;social_proof;practical_limits,1.71,1.81,2.49,2.14,3,2.94,2.36,2.94,1.19,2.26,1.7,0.76,1.83,0.27,0.39,2.43,2.73,2.94,2.58,2.79,1.77,,
85,B,67,C,local,/oldham/electrical-safety-inspections-eicr/,EICR in Oldham | £150 + VAT Same Day,422,Oldham,41,6,4,choice_support;service_linking;social_proof;practical_limits,1.74,1.76,2.54,2.03,2.99,2.92,2.35,2.98,1.46,2.65,1.97,0.63,0.56,0.24,0.36,2.43,2.7,2.94,2.64,2.85,1.86,,
85,B,68,C,local,/bury/electrical-safety-inspections-eicr/,EICR in Bury | £150 + VAT Same Day,636,Bury,39,10,2,social_proof;practical_limits,1.67,1.87,2.44,2.15,2.99,2.89,2.25,2.95,1.57,2.09,1.64,0.8,1.24,0.24,0.33,2.4,2.76,2.91,2.43,2.79,2.19,,
85,B,68,C,local,/prestwich/electrical-safety-inspections-eicr/,EICR in Prestwich | £150 + VAT Same Day,636,Prestwich,40,9,2,meta_description_length;practical_limits,1.8,1.87,2.44,2.1,2.99,2.91,2.26,2.95,1.5,2.06,1.53,0.74,1.58,1.71,0.27,2.43,2.64,2.94,2.67,2.88,2.28,,
85,B,69,C,local,/lees/solar-and-battery-installations/,Solar Panel Installer in Lees,295,Lees,40,7,3,service_linking;social_proof;service_phrase_opener,1.89,1.1,2.87,2.36,2.39,2.34,2.06,2.95,1.32,1.92,2.28,2.19,0.19,0.36,2.13,0.33,2.76,2.94,2.46,2.85,2.67,,
85,B,68,C,local,/stockport/solar-and-battery-installations/,Solar Panel Installer in Stockport,527,Stockport,42,7,2,meta_description_length;house_voice,1.73,1.01,2.92,2.51,2.99,2.25,1.89,2.51,0.21,1.25,1.5,2.03,1.51,2.85,2.7,1.95,2.7,2.94,2.1,2.76,1.53,,
85,B,68,C,local,/bolton/commercial-solar-installations/,Commercial Solar Installations in Bolton,420,Bolton,42,8,1,service_linking,1.81,1.06,2.93,2.38,2.54,2.13,1.85,2.87,1.47,2.34,1.53,2.71,0.66,0.93,2.37,1.74,2.76,2.97,2.19,1.89,2.22,,
85,B,65,C,local,/saddleworth/commercial-solar-installations/,Commercial Solar in Saddleworth,278,Saddleworth,41,7,2,house_voice;social_proof,1.3,1.03,2.89,2.55,2.64,2.46,1.85,2.32,0.74,2.27,1.57,2.58,1,0.21,2.7,1.89,2.73,2.94,2.55,2.61,2.34,,
85,B,67,C,local,/oldham/electric-vehicle-charger-installations/,EV Charger Installations in Oldham,560,Oldham,40,9,2,service_linking;social_proof,1.38,1.66,2.89,2.08,2.99,2.84,2.31,2.98,1.43,1.53,1.56,2.47,0.63,0.48,1.2,2.52,2.76,2.97,1.47,2.79,2.28,,
85,B,70,C,location,/oldham/,Solar Panel & EV Charger Installer in Oldham,485,Oldham,42,8,2,internal_links_resolve;service_linking,2.07,1.24,2.67,2.38,2.99,2.61,1.9,2.9,1.09,2.04,1.81,2.09,0.47,2.91,2.52,1.92,2.46,2.64,2.67,2.82,1.17,,
85,B,74,C,location,/bramhall/,Solar and Electrical Services in Bramhall,547,Bramhall,42,9,1,internal_links_resolve,1.97,1.38,2.64,2.87,2.95,2.5,2.13,2.56,1.88,2.11,1.56,2.45,1.03,1.05,2.73,1.32,1.98,2.94,2.82,2.82,1.86,,
86,B,73,C,page,/solar-panels-for-factories-manchester/,Solar Panels for Factories in Manchester,625,,32,7,1,house_voice,1.88,1.37,2.95,2.51,1.34,2.32,2.23,2.78,0.77,1.96,1.56,2.85,,2.7,,,2.7,,2.43,,2.31,,
86,B,74,C,local,/hale-barns/solar-and-battery-installations/,Solar Panel Installer in Hale Barns,657,Hale Barns,41,8,2,house_voice;social_proof,1.67,1.81,2.92,2.43,2.99,2.49,2.17,2.91,0.57,2.08,1.43,2.74,1.42,0.24,2.61,2.22,2.82,2.94,1.29,2.25,2.1,,
86,B,80,B,local,/hale/solar-and-battery-installations/,Solar Panel Installer in Hale,707,Hale,42,6,3,meta_description_length;house_voice;social_proof,1.97,1.88,2.9,2.82,2.99,2.5,2.18,2.93,0.66,2.07,1.82,2.81,1.55,0.27,2.73,2.16,2.79,2.91,1.5,2.85,2.16,,
86,B,69,C,local,/blackley/solar-and-battery-installations/,Solar Panel Installer in Blackley,427,Blackley,43,8,1,service_linking,1.93,1.08,2.91,2.33,2.95,1.96,1.69,2.91,1.59,1.87,1.76,2.23,0.41,2.94,2.07,2.37,2.73,2.97,2.07,2.82,2.13,,
86,B,62,C,local,/middleton/commercial-solar-installations/,Commercial Solar Installations in Middleton,443,Middleton,43,7,1,service_linking,1.17,1.01,2.93,2.38,2.67,2.3,1.78,2.42,1.21,2.27,1.11,2.66,0.59,0.87,2.43,1.62,1.92,2.97,1.92,1.86,2.4,,
86,B,63,C,local,/bury/commercial-solar-installations/,Commercial Solar Installations in Bury,389,Bury,42,7,1,service_linking,1.16,1.01,2.92,2.42,2.53,2.28,1.8,2.28,1.29,2.29,1.23,2.56,0.84,0.84,2.46,1.59,2.79,2.97,2.13,1.62,2.37,,
86,B,65,C,local,/prestwich/commercial-solar-installations/,Commercial Solar Installations in Prestwich,393,Prestwich,42,7,1,service_linking,1.43,1,2.93,2.46,2.85,2.42,1.83,2.51,1.27,2.29,1.24,2.61,0.56,1.83,2.43,1.65,2.58,2.97,2.31,2.76,2.13,,
86,B,73,C,local,/altrincham/electric-vehicle-charger-installations/,EV Charger Installations in Altrincham,438,Altrincham,42,8,1,service_linking,1.8,1.78,2.54,2.61,2.96,2.39,1.91,2.92,1.85,2.7,1.85,2.41,0.32,2.91,1.71,2.67,2.7,2.97,2.55,2.82,1.95,,
86,B,71,C,local,/shaw/electric-vehicle-charger-installations/,EV Charger Installations in Shaw,404,Shaw,40,8,3,service_linking;social_proof;overclaims,1.63,1.89,2.89,2.07,3,2.52,2.19,2.78,1.33,1.37,1.69,2.09,0.58,0.27,1.38,2.79,2.76,2.97,0.45,2.7,2.43,,
86,B,71,C,location,/marple/,Solar Installations in Marple,568,Marple,42,9,1,service_linking,1.98,1.22,2.65,2.64,2.94,2.53,2.1,2.37,1.58,1.88,1.83,2.28,0.89,2.94,2.64,1.14,2.16,2.94,2.76,2.79,1.83,,
86,B,69,C,location,/royton/,Solar Installations in Royton,520,Royton,42,9,1,social_proof,1.93,1.39,2.6,2.37,2.97,2.72,2.02,2.82,1.92,2.37,1.42,2.58,1.11,0.42,2.49,1.26,2.04,2.94,2.73,2.55,1.68,,
86,B,65,C,location,/whitefield/,Solar Installations in Whitefield,551,Whitefield,41,11,0,,1.91,1.08,2.66,2.1,2.98,2.6,1.94,2.89,1.66,2.22,1.6,1.81,1.7,2.94,1.38,1.68,2.73,2.94,2.7,2.76,1.71,,
86,B,69,C,location,/crumpsall/,Solar Installations in Crumpsall,522,Crumpsall,42,10,0,,1.85,1.19,2.62,2.58,2.96,2.68,1.9,2.75,2.17,1.45,1.26,2.2,1.22,2.07,2.55,1.17,2.07,2.97,2.67,2.13,1.59,,
87,B,67,C,page,/,Solar & Battery Installers Greater Manchester,778,,34,5,2,eeat_experience;house_voice,0.97,1.81,2.96,2.25,2.98,2.7,2.16,2.59,0.5,1.87,1.77,2.42,,2.91,,,2.34,,1.32,,2.01,,
87,B,79,B,page,/solar-panels-conservation-areas-period-properties/,Solar Panels in Conservation Areas,844,,33,6,1,house_voice,1.94,1.78,2.94,2.76,1.33,2.21,2.23,2.94,0.99,1.47,1.96,2.29,,2.91,,,2.37,,2.28,,1.71,,
87,B,71,C,page,/commercial-solar-for-warehouses-manchester/,Commercial Solar for Manchester Warehouses,803,,33,6,1,house_voice,1.99,1.24,2.95,2.31,2.24,2.26,2.17,2.93,0.84,1.59,1.75,2.84,,2.46,,,2.73,,2.07,,2.46,,
87,B,65,C,page,/solar-panels-for-hotels-manchester/,Solar Panels for Hotels in Manchester,656,,33,6,1,house_voice,1.21,1.12,2.96,2.49,1.36,2.18,2.13,2.66,0.77,2.23,1.93,2.57,,2.61,,,2.76,,2.43,,2.52,,
87,B,73,C,page,/solar-panels-for-bakeries-manchester/,Solar Panels for Bakeries in Manchester,746,,32,8,0,,1.9,1.25,2.96,2.63,1.5,2.23,2.24,2.93,1,1.61,1.9,2.76,,2.73,,,2.73,,2.04,,2.52,,
87,B,67,C,page,/trina-vertex-solar-panel-installer-manchester/,Trina Vertex Solar Panel Installer,755,,33,6,1,house_voice,1.11,1.76,2.98,2.22,1.71,2.34,2.24,2.95,0.93,2.02,1.55,1.98,,2.64,,,2.43,,2.52,,1.89,,
87,B,64,C,page,/solax-battery-installer-manchester/,Solax Battery Installer in Manchester,778,,33,6,1,house_voice,1.09,1.46,2.95,2.12,2.73,2.34,2.09,2.81,0.69,1.78,1.7,1.79,,2.91,,,2.64,,2.04,,2.25,,
87,B,67,C,page,/eicr-new-build-properties-manchester/,EICR for New Builds in Manchester,731,,33,6,1,choice_support,1.17,1.77,2.97,2.18,1.54,2.9,2.43,2.93,1.13,1.31,1.44,0.47,,2.52,,,2.73,,2.46,,1.62,,
87,B,55,D,page,/0-vat-solar-panels-batteries-manchester/,0% VAT on Solar Panels and Batteries,580,,31,8,1,eeat_experience,0.57,1.03,2.68,2.37,1.82,2.82,2.36,2.86,1,2.52,1.68,1.03,,0.93,,,2.76,,2.82,,2.61,,
87,B,67,C,local,/whitefield/solar-and-battery-installations/,Solar Panel Installer in Whitefield,430,Whitefield,42,8,1,service_linking,1.81,1.06,2.61,2.52,2.86,2.13,1.84,2.64,1.84,2.49,1.47,2.16,0.37,2.91,2.58,2.31,2.31,2.94,2.4,2.37,1.98,,
87,B,66,C,local,/whitefield/commercial-solar-installations/,Commercial Solar Installations in Whitefield,442,Whitefield,43,8,0,,1.71,1.02,2.91,2.3,2.56,2.35,1.88,2.57,1.11,2.27,1.31,2.68,0.74,2.07,2.4,1.53,2.76,2.97,1.92,2.76,2.37,,
87,B,63,C,local,/crumpsall/commercial-solar-installations/,Commercial Solar Installations in Crumpsall,439,Crumpsall,42,9,0,,1.16,1.01,2.93,2.44,2.56,2.39,1.84,2.11,1.04,2.31,1.25,2.58,0.81,1.2,2.46,1.59,2.13,2.97,1.86,2.58,2.37,,
87,B,69,C,local,/hale/electric-vehicle-charger-installations/,EV Charger Installations in Hale,389,Hale,40,10,0,,2.01,1.41,2.48,2.37,2.93,2.27,1.84,2.96,1.97,2.64,1.74,2.24,0.82,2.43,0.93,2.58,2.61,2.97,2.64,2.88,2.01,,
87,B,72,C,location,/chadderton/,Solar Installations in Chadderton,549,Chadderton,44,7,1,social_proof,1.98,1.51,2.6,2.49,2.95,2.8,2.01,2.92,2.02,1.33,1.63,2.74,0.88,0.48,2.34,1.59,2.31,2.94,2.73,2.7,1.92,,
87,B,66,C,news,/news/bowlee-heywood-new-build-electrical-installation/,"New-Build Electrical Installation in Bowlee, Heywood",448,,31,6,1,house_voice,1.98,1.13,2.68,2.13,2.54,1.98,1.94,2.37,0.44,2.44,1.68,,,0.6,,,2.79,,2.88,,2.61,,
88,B,74,C,page,/alphaess-battery-installer-manchester/,AlphaESS Battery Installer in Manchester,733,,34,5,1,house_voice,1.8,1.87,2.96,2.26,2.89,2.2,2.12,2.94,0.84,1.65,1.8,2.19,,2.73,,,2.52,,1.92,,2.22,,
88,B,75,B,local,/radcliffe/solar-and-battery-installations/,Solar Panel Installer in Radcliffe,493,Radcliffe,43,7,1,meta_description_length,1.94,1.53,2.96,2.55,2.99,2.21,1.9,2.87,1.24,2.47,1.68,2.49,1.67,2.04,2.7,1.98,2.31,2.94,2.37,2.73,2.07,,
88,B,74,C,local,/marple/solar-and-battery-installations/,Solar Panel Installer in Marple,604,Marple,43,7,1,house_voice,2.12,1.22,2.92,2.67,2.98,2.24,2.12,2.8,0.65,1.51,1.72,2.27,1.31,2.79,2.79,1.8,2.43,2.94,2.46,2.85,1.62,,
88,B,79,B,local,/saddleworth/solar-and-battery-installations/,Solar Panel Installer in Saddleworth,502,Saddleworth,43,4,4,meta_description_length;service_linking;social_proof;service_phrase_opener,1.92,2.06,2.53,2.93,2.25,2.48,2.34,2.94,1.63,1.73,2.29,2.95,0.76,0.51,2.82,0.51,2.67,2.94,2.4,2.7,2.16,,
88,B,72,C,local,/shaw/commercial-solar-installations/,Commercial Solar Installations in Shaw,371,Shaw,42,7,1,social_proof,1.58,1.77,2.88,2.44,2.63,2.53,2.05,2.14,1.17,1.65,1.31,2.72,1.31,0.51,2.37,1.53,2.82,2.97,2.25,2.58,2.64,,
88,B,69,C,location,/lees/,Solar Installations in Lees,548,Lees,43,8,1,social_proof,1.97,1.25,2.63,2.42,2.97,2.79,2.05,2.84,1.91,2.37,1.93,2.37,0.78,0.33,2.16,1.23,2.76,2.94,2.67,2.79,1.89,,
88,B,73,C,location,/cheetham-hill/,Solar Installations in Cheetham Hill,523,Cheetham Hill,44,7,1,service_linking,1.87,1.45,2.61,2.81,2.96,2.51,2.06,2.9,2,2.51,1.71,2.32,0.7,2.28,2.79,1.29,2.55,2.97,2.58,2.13,1.89,,
88,B,72,C,location,/trafford/,Solar Installations in Trafford,532,Trafford,43,8,1,social_proof,2.02,1.55,2.68,2.42,2.96,2.73,2.18,2.96,1.44,1.62,1.9,2.69,0.94,0.39,2.43,0.96,2.73,2.97,2.4,2.82,1.98,,
88,B,69,C,location,/bury/,Solar Installations in Bury,532,Bury,43,9,0,,1.98,1.3,2.68,2.35,2.95,2.65,2.01,2.91,1.51,1.8,1.71,2.69,1.06,2.85,2.37,1.56,2.58,2.94,2.82,2.79,1.71,,
88,B,75,B,location,/saddleworth/,Solar Installations in Saddleworth,554,Saddleworth,43,9,0,,1.97,1.72,2.66,2.69,2.99,2.49,2.19,2.92,1.65,2.06,2.27,2.34,1.13,0.69,2.31,1.47,2.1,2.94,2.79,2.64,1.95,,
89,B,71,C,page,/ev-charger-relocation-manchester/,EV Charger Relocation in Manchester,1061,,34,5,1,house_voice,1.1,1.87,2.96,2.57,2.32,2.8,2.39,2.79,0.59,1.66,1.96,1.81,,2.97,,,2.64,,2.55,,2.46,,
89,B,76,B,service,/services/commercial-solar-installations/,Commercial Solar Installations,1347,,42,6,1,house_voice,2.07,1.49,2.92,2.67,2.99,2.62,2.4,2.87,0.97,1.88,1.67,2.97,1.19,1.26,2.7,2.01,2.79,2.88,1.5,,1.95,,
89,B,79,B,local,/bramhall/solar-and-battery-installations/,Solar Panel Installer in Bramhall,742,Bramhall,44,6,1,meta_description_length,2.02,1.6,2.96,2.84,2.97,2.36,2.33,2.84,1.02,2.09,1.84,2.75,1.69,1.92,2.82,1.86,2.52,2.91,2.37,2.85,2.16,,
89,B,71,C,local,/chadderton/solar-and-battery-installations/,Solar Panel Installer in Chadderton,349,Chadderton,43,6,1,service_linking,2.15,1.32,2.89,2.15,2.41,2.62,2.03,2.96,1.38,1.88,2.15,2.38,0.73,1.77,1.35,0.66,2.55,2.94,1.62,2.91,2.49,,
89,B,71,C,local,/lees/commercial-solar-installations/,Commercial Solar Installations in Lees,417,Lees,43,8,0,,1.7,1.6,2.9,2.29,2.67,2.61,2.08,2.34,1.06,1.79,1.4,2.71,0.85,0.87,2.4,1.74,2.82,2.97,2.55,2.61,2.46,,
89,B,64,C,local,/oldham/commercial-solar-installations/,Commercial Solar Installations in Oldham,429,Oldham,44,5,2,service_linking;social_proof,1.23,1.04,2.93,2.49,2.36,2.41,2.02,2.79,1.15,2.49,1.88,2.82,0.78,0.33,2.46,1.53,2.7,2.97,1.89,2.82,2.37,,
89,B,74,C,local,/lees/electric-vehicle-charger-installations/,EV Charger Installations in Lees,423,Lees,42,8,1,social_proof,1.78,1.86,2.91,2.34,2.98,2.5,2.12,2.52,1.81,2.18,1.82,2.3,1.27,0.3,1.14,2.76,2.79,2.97,0.93,2.82,2.52,,
89,B,72,C,location,/stockport/,Solar Installations in Stockport,529,Stockport,43,9,0,,2.01,1.51,2.67,2.49,2.32,2.59,2.14,2.93,1.36,2.11,1.84,2.28,1.65,2.94,2.4,0.6,2.67,2.94,2.64,2.82,1.53,,
89,B,76,B,location,/blackley/,Solar Installations in Blackley,552,Blackley,44,7,1,service_linking,2.04,1.78,2.61,2.66,2.97,2.79,2.17,2.94,2.11,2.02,1.91,2.78,0.55,1.53,2.61,1.23,2.73,2.94,2.4,2.91,2.04,,
89,B,83,B,location,/prestwich/,Electrician & Solar Panels in Prestwich,539,Prestwich,44,8,0,,2.95,1.8,2.77,2.4,2.83,2.72,2.18,2.98,1.96,1.42,2,2.23,1,2.82,2.4,0.9,2.37,2.79,2.85,2.94,1.53,,
90,A,81,B,page,/are-solar-panels-worth-it-manchester/,Are Solar Panels Worth It in Manchester?,675,,33,7,0,,1.97,1.79,2.95,2.95,1.14,2.83,2.26,2.78,1.79,1.11,2.26,2.97,,2.1,,,2.76,,2.49,,2.55,,
90,A,79,B,page,/solar-and-battery-extensions-renovations-manchester/,Solar & Battery for Extensions & Renovations,904,,34,5,1,meta_description_length,2.19,1.95,2.96,2.42,1.38,1.92,2.29,2.96,1.29,1.32,2.4,2.02,,2.91,,,2.55,,2.43,,2.61,,
90,A,76,B,service,/services/electric-vehicle-charger-installations/,"EV Charger Installation, Repair, Relocation",1138,,43,5,1,house_voice,1.81,1.89,2.99,2.46,2.93,2.68,2.44,2.92,0.76,1.92,2.08,1.96,1.17,2.94,1.86,2.67,2.7,2.88,2.04,,1.92,,
90,A,81,B,location,/rochdale/,Solar Panels in Rochdale & Heywood,895,Rochdale,45,6,1,service_linking,2.59,1.62,2.66,2.87,2.99,2.77,2.28,2.97,1.59,2.17,2.23,2.79,0.93,0.93,2.67,2.16,2.76,2.31,2.76,2.85,2.4,,
90,A,81,B,property,/properties/flat-roofs/,Solar Panels on Flat Roofs in Manchester,1027,,32,5,1,meta_description_length,1.93,1.89,2.96,2.94,2.43,2.14,2.43,2.68,1.64,2.14,2.2,,,1.65,,,2.7,,2.76,,2.52,,
91,A,66,C,page,/g98-g99-dno-applications-solar-manchester/,G98 and G99 DNO Applications Explained,563,,35,3,2,meta_description_length;eeat_experience,0.86,2.19,2.58,2.3,2.22,2.44,2.11,2.82,1.57,2.39,2.02,1.61,,0.78,,,2.7,,2.85,,2.7,,
91,A,74,C,page,/off-grid-solar-installations-manchester/,Off-Grid Solar for Farms & Rural Sites,618,,35,5,0,,1.7,1.67,2.96,2.59,2.69,2.3,2.14,2.88,1.41,1.83,1.98,2.5,,2.4,,,2.16,,2.43,,2.55,,
91,A,87,B,service,/services/solar-and-battery-installations/,Solar Panel Installation Manchester,1720,,44,5,1,service_linking,2.28,2.33,2.9,2.98,3,2.38,2.49,2.9,1.18,1.56,2.45,3,0.32,2.94,2.85,2.31,2.7,2.67,2.52,,2.25,,
91,A,76,B,location,/altrincham/,Solar Installations in Altrincham,571,Altrincham,45,7,0,,1.96,1.46,2.76,2.95,2.94,2.46,2.16,2.86,1.83,2.45,2.07,2.69,1.19,2.94,2.82,1.62,2.43,2.94,2.73,2.79,2.28,,
92,A,78,B,page,/about/,"Ashley Merritt, MCS Certified Solar Installer",511,,35,5,0,,2.66,1.57,2.85,2.27,1.63,1.53,2.12,2.88,2.39,2.06,2.8,1.67,,2.64,,,1.71,,2.67,,2.58,,
92,A,81,B,page,/solar-carports-workplace-ev-charging-manchester/,Workplace EV Charger Installation Manchester,1354,,35,4,1,social_proof,1.77,2.04,2.93,2.95,2.93,2.4,2.37,2.86,1.22,2.57,1.94,2.91,,0.42,,,2.73,,2.82,,2.31,,
93,A,81,B,page,/ground-mounted-solar-installations-manchester/,Ground-Mounted Solar in Manchester,897,,35,5,0,,1.85,2.02,2.94,2.88,1.1,1.87,2.35,2.96,1.04,2,2.01,2.47,,2.94,,,2.7,,2.76,,2.52,,
