keyword,position,ranking_url,page_score,page_letter,page_eeat,intended_page,note
flat roof solar panels manchester,1,https://www.renegade-solar.co.uk/flat-roof-commercial-solar-manchester/,85,B,71,/flat-roof-commercial-solar-manchester,
ground mounted solar panels manchester,1,https://www.renegade-solar.co.uk/ground-mounted-solar-installations-manchester/,93,A,81,/ground-mounted-solar-installations-manchester,
solar installer blackley,1,https://www.renegade-solar.co.uk/blackley/solar-and-battery-installations/,86,B,69,/blackley/solar-and-battery-installations,
solar installer north manchester,1,https://www.renegade-solar.co.uk/,87,B,67,/,
solar installer prestwich,1,https://www.renegade-solar.co.uk/prestwich/,89,B,83,/prestwich,
solar installer radcliffe,1,https://www.renegade-solar.co.uk/services/solar-and-battery-installations/radcliffe/,88,B,75,/radcliffe/solar-and-battery-installations,
solar installer whitefield,1,https://www.renegade-solar.co.uk/whitefield/,86,B,65,/whitefield,
solar panel installation prestwich,1,https://www.renegade-solar.co.uk/prestwich/,89,B,83,/prestwich,
solar panels prestwich,1,https://www.renegade-solar.co.uk/prestwich/,89,B,83,/prestwich,
eicr prestwich,2,https://www.renegade-solar.co.uk/prestwich/electrical-safety-inspections-eicr/,85,B,68,/prestwich/electrical-safety-inspections-eicr,
home battery installation manchester,2,https://www.renegade-solar.co.uk/services/home-battery-installations/,84,B,73,/services/home-battery-installations,
solar installer altrincham,2,https://www.renegade-solar.co.uk/altrincham/,91,A,76,/altrincham,
solar installer middleton,2,https://www.renegade-solar.co.uk/middleton/solar-and-battery-installations/,81,B,65,/middleton/solar-and-battery-installations,
solar installer stockport,2,https://www.renegade-solar.co.uk/services/solar-and-battery-installations/stockport/,85,B,68,/stockport/solar-and-battery-installations,
solar installer trafford,2,https://www.renegade-solar.co.uk/services/solar-and-battery-installations/trafford/,74,C,59,/trafford/solar-and-battery-installations,
solar and battery storage manchester,3,https://www.renegade-solar.co.uk/,87,B,67,/,
solax battery installer manchester,3,https://www.renegade-solar.co.uk/services/home-battery-installations/,84,B,73,/services/home-battery-installations,
trustmark solar installer manchester,3,https://www.renegade-solar.co.uk/accreditations/trustmark/,68,C,38,/accreditations/trustmark,
battery storage installer manchester,4,https://www.renegade-solar.co.uk/,87,B,67,/,
checkatrade solar installer manchester,4,https://www.renegade-solar.co.uk/,87,B,67,/,
local solar installer manchester,5,https://www.renegade-solar.co.uk/,87,B,67,/,
mcs certified solar installer manchester,5,https://www.renegade-solar.co.uk/accreditations/mcs-certified/,74,C,49,/accreditations/mcs-certified,
solar and battery package manchester,6,https://www.renegade-solar.co.uk/,87,B,67,/,
solar installer bury,6,https://www.renegade-solar.co.uk/bury/solar-and-battery-installations/,81,B,63,/bury/solar-and-battery-installations,
free solar survey manchester,7,https://www.renegade-solar.co.uk/,87,B,67,/,
solar installer bolton,8,https://www.renegade-solar.co.uk/bolton/,84,B,71,/bolton,
solar installer oldham,8,https://www.renegade-solar.co.uk/oldham/,85,B,70,/oldham,
22kw ev charger installation manchester,8,https://www.renegade-solar.co.uk/services/electric-vehicle-charger-installations/,90,A,76,/services/electric-vehicle-charger-installations,
best solar installer manchester,9,https://www.renegade-solar.co.uk/,87,B,67,/,
domestic eicr manchester,10,https://www.renegade-solar.co.uk/prestwich/electrical-safety-inspections-eicr/,85,B,68,/prestwich/electrical-safety-inspections-eicr,
7kw ev charger installation manchester,10,https://www.renegade-solar.co.uk/services/electric-vehicle-charger-installations/,90,A,76,/services/electric-vehicle-charger-installations,
domestic electrical safety inspection manchester,11,https://www.renegade-solar.co.uk/prestwich/electrical-safety-inspections-eicr/,85,B,68,/prestwich/electrical-safety-inspections-eicr,
battery storage bolton,12,https://www.renegade-solar.co.uk/bolton/,84,B,71,/bolton,
battery storage bury,12,https://www.renegade-solar.co.uk/services/solar-and-battery-installations/bury/,81,B,63,/bury/solar-and-battery-installations,
commercial solar panels greater manchester,12,https://www.renegade-solar.co.uk/services/commercial-solar-installations/,89,B,76,/services/commercial-solar-installations,
renewable energy installer manchester,12,https://www.renegade-solar.co.uk/,87,B,67,/,
cheap electricity with solar panels manchester,13,https://www.renegade-solar.co.uk/,87,B,67,/,
solar panel installation bolton,13,https://www.renegade-solar.co.uk/bolton/,84,B,71,/bolton,
warehouse solar panels manchester,13,https://www.renegade-solar.co.uk/,87,B,67,/,
commercial solar installation manchester,14,https://www.renegade-solar.co.uk/middleton/commercial-solar-installations/,86,B,62,/middleton/commercial-solar-installations,
battery storage systems greater manchester,15,https://www.renegade-solar.co.uk/services/home-battery-installations/,84,B,73,/services/home-battery-installations,
residential solar panels manchester,15,https://www.renegade-solar.co.uk/,87,B,67,/,
solar panels manchester,15,https://www.renegade-solar.co.uk/,87,B,67,/,
solar panel installation greater manchester,19,https://www.renegade-solar.co.uk/,87,B,67,/,
dmegc solar panels uk,21,https://www.renegade-solar.co.uk/dmegc-solar-panel-installer-manchester/,85,B,67,/dmegc-solar-panel-installer-manchester,
solar panel installation manchester,21,https://www.renegade-solar.co.uk/,87,B,67,/,
solar panels for business manchester,22,https://www.renegade-solar.co.uk/,87,B,67,/,
electrical inspection report manchester,23,https://www.renegade-solar.co.uk/prestwich/electrical-safety-inspections-eicr/,85,B,68,/prestwich/electrical-safety-inspections-eicr,
napit registered electrician manchester,25,https://www.renegade-solar.co.uk/accreditations/napit/,71,C,43,/accreditations/napit,
electrical safety certificate landlord manchester,28,https://www.renegade-solar.co.uk/prestwich/electrical-safety-inspections-eicr/,85,B,68,/prestwich/electrical-safety-inspections-eicr,
solar pv installation manchester,31,https://www.renegade-solar.co.uk/,87,B,67,/,
eicr certificate manchester,32,https://www.renegade-solar.co.uk/prestwich/electrical-safety-inspections-eicr/,85,B,68,/prestwich/electrical-safety-inspections-eicr,
eicr cost manchester,32,https://www.renegade-solar.co.uk/services/electrical-safety-inspections-eicr/prestwich/,85,B,68,/prestwich/electrical-safety-inspections-eicr,
landlord eicr manchester,35,https://www.renegade-solar.co.uk/prestwich/electrical-safety-inspections-eicr/,85,B,68,/prestwich/electrical-safety-inspections-eicr,
solar panels north west england,38,https://www.renegade-solar.co.uk/,87,B,67,/,
mcs certified solar installer near me,,,74,C,49,/accreditations/mcs-certified,
ev charger installer near me,,,90,A,76,/services/electric-vehicle-charger-installations,
battery storage installer near me,,,84,B,73,/services/home-battery-installations,
best solar panel installer near me,,,91,A,87,/services/solar-and-battery-installations,
can i get solar panels on a terraced house,,,87,B,79,/solar-panels-conservation-areas-period-properties,
commercial solar panels north west,,,89,B,76,/services/commercial-solar-installations,
ev charger installation bolton,,,79,B,64,/bolton/electric-vehicle-charger-installations,
ev charger installation bury,,,83,B,70,/bury/electric-vehicle-charger-installations,
ev charger installation manchester,,,90,A,76,/services/electric-vehicle-charger-installations,
home battery storage near me,,,84,B,73,/services/home-battery-installations,
home ev charger manchester,,,90,A,76,/services/electric-vehicle-charger-installations,
how long do solar panels last uk,,,90,A,81,/are-solar-panels-worth-it-manchester,
how much do solar panels cost manchester,,,91,A,87,/services/solar-and-battery-installations,
how much do solar panels save uk,,,90,A,81,/are-solar-panels-worth-it-manchester,
off grid solar system uk,,,91,A,74,/off-grid-solar-installations-manchester,
off peak electricity battery storage,,,84,B,67,/octopus-go-battery-installer-manchester,
smart ev charger installation manchester,,,90,A,76,/services/electric-vehicle-charger-installations,
solar battery installer near me,,,84,B,73,/services/home-battery-installations,
solar panel cost uk,,,91,A,87,/services/solar-and-battery-installations,
solar panel installation near me,,,91,A,87,/services/solar-and-battery-installations,
solar panel installer near me,,,91,A,87,/services/solar-and-battery-installations,
solar panel payback period uk,,,90,A,81,/are-solar-panels-worth-it-manchester,
solar panels worth it uk,,,90,A,81,/are-solar-panels-worth-it-manchester,
solar pv installer near me,,,91,A,87,/services/solar-and-battery-installations,
trina solar panels uk,,,87,B,67,/trina-vertex-solar-panel-installer-manchester,
